{"cameraMode":{"drawMode":0,"name":"Shaded","section":"Shading Mode"},"sceneLighting":true,"audioPlay":false,"sceneViewState":{"m_AlwaysRefresh":false,"showFog":true,"showSkybox":true,"showFlares":true,"showImageEffects":true,"showParticleSystems":true,"showVisualEffectGraphs":true,"m_FxEnabled":false},"in2DMode":false,"pivot":{"x":4.670903205871582,"y":4.401495933532715,"z":15.600849151611329},"rotation":{"x":0.023215685039758683,"y":0.9722377061843872,"z":0.2053857445716858,"w":-0.10985516011714935},"size":7.710755348205566,"orthographic":false}